road_id,road_type,speed_limit,lane_num,road_length_m,is_anomaly,anomaly_type
MLR00001,motorway,80,8,3475.26,0,normal
MLR00002,motorway,120,1,9029.62,1,attribute_combo
MLR00003,motorway,80,4,2967.74,0,normal
MLR00004,motorway,120,4,7444.18,0,normal
MLR00005,residential,20,2,1199.07,0,normal
MLR00006,motorway,80,8,4803.53,0,normal
MLR00007,primary,60,2,3.0582575536977665,1,short
MLR00008,motorway,120,6,5826.05,0,normal
MLR00009,residential,20,2,1667.34,0,normal
MLR00010,secondary,40,4,464.31,0,normal
MLR00011,secondary,30,2,3492.64,0,normal
MLR00012,residential,40,2,367.18,0,normal
MLR00013,secondary,30,4,2612.92,0,normal
MLR00014,primary,40,4,2587.0,0,normal
MLR00015,primary,80,4,5135.69,0,normal
MLR00016,primary,40,4,1.1418700658652892,1,short
MLR00017,residential,30,2,3.760367677096064,1,short
MLR00018,residential,40,2,755.89,0,normal
MLR00019,primary,150,4,1000.0,1,speed
MLR00020,primary,80,4,3780.25,0,normal
MLR00021,residential,40,2,1943.6,0,normal
MLR00022,motorway,120,8,2030.97,0,normal
MLR00023,secondary,200,2,1315.3,1,speed
MLR00024,secondary,40,4,3667.99,0,normal
MLR00025,secondary,200,2,1620.87,1,speed
MLR00026,secondary,60,2,625.1,0,normal
MLR00027,secondary,40,2,1115.31,0,normal
MLR00028,motorway,80,9,5373.91,1,lane
MLR00029,residential,40,1,566.86,0,normal
MLR00030,residential,20,1,1440.25,0,normal
MLR00031,secondary,60,4,1915.65,0,normal
MLR00032,motorway,100,4,6294.78,0,normal
MLR00033,primary,150,2,4393.13,1,speed
MLR00034,secondary,30,4,1104.42,0,normal
MLR00035,primary,80,2,4478.44,0,normal
MLR00036,residential,200,2,1624.62,1,speed
MLR00037,residential,30,2,851.65,0,normal
MLR00038,motorway,120,1,9857.49,1,attribute_combo
MLR00039,secondary,30,2,928.04,0,normal
MLR00040,primary,60,2,2032.0,0,normal
MLR00041,motorway,100,8,1881.18,0,normal
MLR00042,motorway,80,4,2496.8,0,normal
MLR00043,primary,120,1,1405.5,1,attribute_combo
MLR00044,secondary,60,3,1807.43,0,normal
MLR00045,residential,20,1,628.58,0,normal
MLR00046,motorway,120,6,1514.49,0,normal
MLR00047,primary,200,6,940.61,1,speed
MLR00048,primary,60,2,5678.78,0,normal
MLR00049,motorway,120,4,4773.02,0,normal
MLR00050,secondary,50,2,2744.96,0,normal
MLR00051,secondary,60,2,2752.42,0,normal
MLR00052,secondary,30,2,1941.48,0,normal
MLR00053,motorway,80,8,2918.39,0,normal
MLR00054,secondary,30,2,3.0972210520571557,1,short
MLR00055,motorway,120,8,3694.41,0,normal
MLR00056,primary,60,2,5393.42,0,normal
MLR00057,primary,60,4,3826.56,0,normal
MLR00058,primary,80,6,5191.02,0,normal
MLR00059,secondary,30,2,2610.28,0,normal
MLR00060,motorway,80,6,7940.07,0,normal
MLR00061,secondary,40,4,1878.97,0,normal
MLR00062,motorway,80,4,9505.46,0,normal
MLR00063,primary,80,2,5090.27,0,normal
MLR00064,primary,60,2,730.06,0,normal
MLR00065,motorway,100,4,7138.6,0,normal
MLR00066,secondary,60,4,3048.01,0,normal
MLR00067,primary,40,2,3.9336938311233958,1,short
MLR00068,residential,40,1,570.27,0,normal
MLR00069,motorway,100,4,8727.34,0,normal
MLR00070,residential,30,2,1650.05,0,normal
MLR00071,primary,40,6,1562.21,0,normal
MLR00072,motorway,100,6,6773.34,0,normal
MLR00073,secondary,30,2,3532.75,0,normal
MLR00074,secondary,30,2,2466.97,0,normal
MLR00075,secondary,60,10,3940.1,1,lane
MLR00076,motorway,120,6,1015.22,0,normal
MLR00077,primary,60,4,884.86,0,normal
MLR00078,secondary,50,4,3422.46,0,normal
MLR00079,secondary,50,4,1751.89,0,normal
MLR00080,secondary,40,2,1797.7,0,normal
MLR00081,primary,80,6,2155.22,0,normal
MLR00082,motorway,100,6,2891.64,0,normal
MLR00083,secondary,60,3,1880.21,0,normal
MLR00084,residential,40,1,1334.76,0,normal
MLR00085,secondary,30,2,2756.62,0,normal
MLR00086,primary,40,2,754.18,0,normal
MLR00087,motorway,100,6,8975.23,0,normal
MLR00088,residential,30,2,525.77,0,normal
MLR00089,motorway,80,6,2969.57,0,normal
MLR00090,residential,20,10,1839.07,1,lane
MLR00091,secondary,60,4,3297.02,0,normal
MLR00092,residential,40,2,1799.56,0,normal
MLR00093,residential,30,2,1515.96,0,normal
MLR00094,secondary,60,4,1109.13,0,normal
MLR00095,secondary,40,3,1476.22,0,normal
MLR00096,motorway,80,4,3081.35,0,normal
MLR00097,primary,40,4,2741.8,0,normal
MLR00098,residential,20,1,1674.14,0,normal
MLR00099,motorway,120,6,5292.82,0,normal
MLR00100,secondary,60,3,2245.24,0,normal
MLR00101,primary,60,2,2001.14,0,normal
MLR00102,residential,30,2,1462.15,0,normal
MLR00103,primary,80,6,648.32,0,normal
MLR00104,motorway,80,8,4857.51,0,normal
MLR00105,primary,40,4,2585.07,0,normal
MLR00106,secondary,50,3,1257.38,0,normal
MLR00107,residential,30,1,967.1,0,normal
MLR00108,motorway,100,4,6851.3,0,normal
MLR00109,motorway,80,9,2794.25,1,lane
MLR00110,primary,60,6,1129.14,0,normal
MLR00111,residential,150,2,1545.45,1,speed
MLR00112,secondary,30,4,297.58,0,normal
MLR00113,residential,30,1,198.19,0,normal
MLR00114,primary,40,6,4748.64,0,normal
MLR00115,motorway,120,4,4124.83,0,normal
MLR00116,secondary,120,1,2660.66,1,attribute_combo
MLR00117,residential,20,2,1923.54,0,normal
MLR00118,residential,40,1,899.2,0,normal
MLR00119,secondary,60,3,1855.18,0,normal
MLR00120,secondary,120,1,3356.78,1,attribute_combo
MLR00121,primary,60,6,3856.82,0,normal
MLR00122,motorway,100,6,2636.56,0,normal
MLR00123,secondary,50,3,3545.22,0,normal
MLR00124,secondary,120,1,3802.64,1,attribute_combo
MLR00125,residential,40,1,1396.69,0,normal
MLR00126,residential,30,1,231.45,0,normal
MLR00127,primary,60,6,3698.56,0,normal
MLR00128,secondary,60,4,2291.48,0,normal
MLR00129,residential,30,10,540.24,1,lane
MLR00130,motorway,120,8,9557.9,0,normal
MLR00131,primary,40,6,3163.09,0,normal
MLR00132,secondary,30,2,1325.74,0,normal
MLR00133,secondary,30,4,2229.71,0,normal
MLR00134,motorway,120,1,7276.76,1,attribute_combo
MLR00135,motorway,80,8,3559.05,0,normal
MLR00136,secondary,40,2,1159.42,0,normal
MLR00137,motorway,80,6,5425.72,0,normal
MLR00138,motorway,80,4,8300.28,0,normal
MLR00139,motorway,80,4,6022.66,0,normal
MLR00140,primary,80,4,2977.83,0,normal
MLR00141,residential,30,1,1238.78,0,normal
MLR00142,primary,80,9,1955.55,1,lane
MLR00143,motorway,80,4,4676.66,0,normal
MLR00144,residential,30,1,501.38,0,normal
MLR00145,residential,20,1,1851.63,0,normal
MLR00146,primary,60,2,3495.09,0,normal
MLR00147,secondary,40,2,426.62,0,normal
MLR00148,secondary,60,2,1981.05,0,normal
MLR00149,residential,30,2,903.63,0,normal
MLR00150,residential,40,12,1227.24,1,lane
MLR00151,motorway,120,6,6186.22,0,normal
MLR00152,primary,60,6,4083.3,0,normal
MLR00153,primary,80,4,3991.32,0,normal
MLR00154,motorway,100,6,4675.13,0,normal
MLR00155,motorway,80,6,4704.81,0,normal
MLR00156,residential,40,1,936.91,0,normal
MLR00157,secondary,30,3,3486.66,0,normal
MLR00158,motorway,120,8,3.150905975748386,1,short
MLR00159,residential,40,2,1531.98,0,normal
MLR00160,primary,60,4,5344.66,0,normal
MLR00161,motorway,120,8,8193.82,0,normal
MLR00162,secondary,30,4,1750.36,0,normal
MLR00163,motorway,100,4,2.5934728738406077,1,short
MLR00164,secondary,60,3,3924.93,0,normal
MLR00165,primary,60,2,5570.27,0,normal
MLR00166,primary,40,4,4749.71,0,normal
MLR00167,secondary,50,2,1274.79,0,normal
MLR00168,residential,20,2,1100.23,0,normal
MLR00169,residential,30,2,1745.72,0,normal
MLR00170,primary,80,4,1784.59,0,normal
MLR00171,motorway,100,8,5256.79,0,normal
MLR00172,residential,30,1,4.361531535474856,1,short
MLR00173,residential,20,9,79.93,1,lane
MLR00174,residential,30,2,1265.36,0,normal
MLR00175,motorway,100,8,8734.08,0,normal
MLR00176,secondary,60,4,4.987387022485455,1,short
MLR00177,motorway,100,4,7843.33,0,normal
MLR00178,motorway,100,4,7246.01,0,normal
MLR00179,motorway,100,4,3640.31,0,normal
MLR00180,primary,40,6,2766.28,0,normal
MLR00181,primary,40,2,934.33,0,normal
MLR00182,primary,60,6,1287.15,0,normal
MLR00183,secondary,60,3,2733.99,0,normal
MLR00184,residential,30,1,194.03,0,normal
MLR00185,secondary,60,4,1150.37,0,normal
MLR00186,primary,60,4,1086.59,0,normal
MLR00187,secondary,50,4,1321.88,0,normal
MLR00188,residential,30,1,1153.56,0,normal
MLR00189,motorway,120,8,5470.55,0,normal
MLR00190,secondary,40,4,3247.34,0,normal
MLR00191,primary,80,4,4227.7,0,normal
MLR00192,primary,80,2,5468.72,0,normal
MLR00193,secondary,60,2,2402.38,0,normal
MLR00194,motorway,100,12,7727.33,1,lane
MLR00195,secondary,50,2,1176.49,0,normal
MLR00196,residential,30,2,1618.25,0,normal
MLR00197,motorway,80,4,8741.27,0,normal
MLR00198,residential,40,2,226.09,0,normal
MLR00199,secondary,30,3,1600.63,0,normal
MLR00200,secondary,60,10,3773.11,1,lane
MLR00201,motorway,120,8,3952.06,0,normal
MLR00202,motorway,120,6,9184.49,0,normal
MLR00203,residential,120,1,138.43,1,attribute_combo
MLR00204,motorway,120,1,8985.33,1,attribute_combo
MLR00205,secondary,120,1,3020.62,1,attribute_combo
MLR00206,motorway,100,8,4673.04,0,normal
MLR00207,motorway,120,6,2955.43,0,normal
MLR00208,primary,60,2,5895.1,0,normal
MLR00209,secondary,30,3,1248.35,0,normal
MLR00210,residential,20,1,1301.32,0,normal
MLR00211,motorway,80,9,3192.12,1,lane
MLR00212,primary,80,2,4971.79,0,normal
MLR00213,primary,80,2,2025.01,0,normal
MLR00214,primary,150,4,4891.83,1,speed
MLR00215,motorway,100,4,0.356755187519765,1,short
MLR00216,residential,40,1,1504.05,0,normal
MLR00217,secondary,30,3,2114.59,0,normal
MLR00218,motorway,120,8,5693.06,0,normal
MLR00219,motorway,80,6,8625.69,0,normal
MLR00220,motorway,180,8,9187.31,1,speed
MLR00221,primary,40,2,2012.59,0,normal
MLR00222,secondary,60,4,2216.12,0,normal
MLR00223,residential,20,1,1712.95,0,normal
MLR00224,primary,60,4,5384.5,0,normal
MLR00225,residential,30,2,1472.74,0,normal
MLR00226,secondary,50,3,3823.65,0,normal
MLR00227,residential,200,1,1671.96,1,speed
MLR00228,secondary,40,4,427.93,0,normal
MLR00229,secondary,30,3,1543.67,0,normal
MLR00230,residential,40,1,1938.38,0,normal
MLR00231,secondary,120,1,2128.17,1,attribute_combo
MLR00232,primary,40,4,5149.55,0,normal
MLR00233,secondary,40,3,3411.59,0,normal
MLR00234,motorway,120,8,8465.15,0,normal
MLR00235,primary,60,6,4693.25,0,normal
MLR00236,secondary,30,2,3505.48,0,normal
MLR00237,residential,20,1,1494.89,0,normal
MLR00238,motorway,120,8,2936.2,0,normal
MLR00239,secondary,40,3,1384.22,0,normal
MLR00240,motorway,80,4,2416.69,0,normal
MLR00241,motorway,100,6,6957.45,0,normal
MLR00242,residential,30,2,470.36,0,normal
MLR00243,secondary,60,2,1276.34,0,normal
MLR00244,residential,40,2,138.56,0,normal
MLR00245,motorway,80,4,3712.77,0,normal
MLR00246,primary,120,1,2304.67,1,attribute_combo
MLR00247,primary,40,4,3429.2,0,normal
MLR00248,secondary,180,3,3474.7,1,speed
MLR00249,motorway,100,8,4863.56,0,normal
MLR00250,residential,30,1,839.81,0,normal
MLR00251,primary,80,4,5076.14,0,normal
MLR00252,motorway,100,4,3189.85,0,normal
MLR00253,motorway,100,6,7712.24,0,normal
MLR00254,primary,40,6,3982.74,0,normal
MLR00255,primary,60,4,4500.59,0,normal
MLR00256,primary,40,12,1305.44,1,lane
MLR00257,motorway,80,8,5447.05,0,normal
MLR00258,residential,40,2,1735.28,0,normal
MLR00259,primary,60,2,3079.07,0,normal
MLR00260,secondary,30,3,2127.88,0,normal
MLR00261,residential,20,1,769.04,0,normal
MLR00262,motorway,120,8,5563.61,0,normal
MLR00263,motorway,100,8,6866.54,0,normal
MLR00264,residential,40,1,1917.56,0,normal
MLR00265,secondary,120,1,2655.28,1,attribute_combo
MLR00266,residential,40,1,759.6,0,normal
MLR00267,residential,30,2,0.42296808597061564,1,short
MLR00268,motorway,120,8,4479.08,0,normal
MLR00269,primary,60,2,1.6201355140038796,1,short
MLR00270,residential,20,1,653.68,0,normal
MLR00271,secondary,40,4,2870.76,0,normal
MLR00272,motorway,120,8,4810.66,0,normal
MLR00273,secondary,50,2,3814.44,0,normal
MLR00274,residential,20,1,4.2376991045608285,1,short
MLR00275,motorway,120,8,8516.08,0,normal
MLR00276,motorway,120,6,8887.53,0,normal
MLR00277,residential,20,1,402.65,0,normal
MLR00278,primary,80,4,740.31,0,normal
MLR00279,primary,60,6,2067.1,0,normal
MLR00280,residential,20,1,653.46,0,normal
MLR00281,residential,20,2,1372.7,0,normal
MLR00282,residential,30,2,1567.34,0,normal
MLR00283,residential,20,1,0.3556810359789224,1,short
MLR00284,residential,30,1,1437.23,0,normal
MLR00285,motorway,100,4,7868.05,0,normal
MLR00286,primary,60,2,5705.27,0,normal
MLR00287,residential,30,1,859.05,0,normal
MLR00288,secondary,40,3,3979.2,0,normal
MLR00289,motorway,100,4,8552.59,0,normal
MLR00290,primary,40,2,2077.84,0,normal
MLR00291,primary,150,4,2967.31,1,speed
MLR00292,secondary,40,2,2285.46,0,normal
MLR00293,residential,20,10,513.4,1,lane
MLR00294,residential,20,1,1681.54,0,normal
MLR00295,motorway,120,8,6175.43,0,normal
MLR00296,secondary,60,2,2536.28,0,normal
MLR00297,residential,20,1,1070.79,0,normal
MLR00298,motorway,100,6,1391.81,0,normal
MLR00299,secondary,50,4,261.72,0,normal
MLR00300,secondary,40,4,0.7537069903108837,1,short
MLR00301,secondary,50,4,865.34,0,normal
MLR00302,residential,40,2,1281.88,0,normal
MLR00303,motorway,120,6,1332.85,0,normal
MLR00304,primary,40,4,5633.54,0,normal
MLR00305,residential,30,1,4.324478799299327,1,short
MLR00306,motorway,120,6,3458.95,0,normal
MLR00307,residential,30,2,1794.54,0,normal
MLR00308,primary,60,6,3236.38,0,normal
MLR00309,secondary,30,4,1813.1,0,normal
MLR00310,primary,80,4,1.6018296948446873,1,short
MLR00311,residential,20,2,3.1127722627739454,1,short
MLR00312,residential,30,1,196.33,0,normal
MLR00313,secondary,40,2,742.56,0,normal
MLR00314,residential,20,1,181.11,0,normal
MLR00315,secondary,50,12,3807.98,1,lane
MLR00316,residential,30,12,915.68,1,lane
MLR00317,secondary,60,3,2668.33,0,normal
MLR00318,motorway,80,8,2674.43,0,normal
MLR00319,motorway,100,6,7336.34,0,normal
MLR00320,secondary,60,2,666.02,0,normal
MLR00321,residential,20,2,1994.66,0,normal
MLR00322,secondary,50,4,446.77,0,normal
MLR00323,secondary,40,4,2896.34,0,normal
MLR00324,primary,60,6,1733.33,0,normal
MLR00325,primary,40,4,644.56,0,normal
MLR00326,secondary,60,4,693.13,0,normal
MLR00327,motorway,100,6,9996.36,0,normal
MLR00328,residential,30,1,294.39,0,normal
MLR00329,motorway,100,6,7120.98,0,normal
MLR00330,primary,40,4,3265.75,0,normal
MLR00331,motorway,120,10,3737.12,1,lane
MLR00332,secondary,30,3,945.95,0,normal
MLR00333,secondary,40,4,1350.73,0,normal
MLR00334,primary,80,6,1348.07,0,normal
MLR00335,secondary,30,2,508.65,0,normal
MLR00336,secondary,40,4,1783.03,0,normal
MLR00337,residential,40,2,1301.72,0,normal
MLR00338,primary,150,4,2135.89,1,speed
MLR00339,residential,30,2,955.66,0,normal
MLR00340,primary,60,6,2256.24,0,normal
MLR00341,secondary,60,2,3090.53,0,normal
MLR00342,motorway,100,4,5198.25,0,normal
MLR00343,primary,40,2,778.33,0,normal
MLR00344,residential,20,1,1636.28,0,normal
MLR00345,secondary,40,2,2093.41,0,normal
MLR00346,residential,30,2,95.19,0,normal
MLR00347,residential,20,1,2.5249815972733645,1,short
MLR00348,residential,30,1,1701.99,0,normal
MLR00349,secondary,50,3,1590.56,0,normal
MLR00350,primary,60,6,2087.31,0,normal
MLR00351,residential,40,2,1659.36,0,normal
MLR00352,motorway,80,4,4545.13,0,normal
MLR00353,secondary,50,2,956.42,0,normal
MLR00354,motorway,80,4,2233.33,0,normal
MLR00355,residential,40,2,340.43,0,normal
MLR00356,primary,60,6,2251.92,0,normal
MLR00357,secondary,50,4,3347.5,0,normal
MLR00358,secondary,60,2,1599.76,0,normal
MLR00359,residential,40,2,1603.67,0,normal
MLR00360,motorway,120,6,3389.77,0,normal
MLR00361,primary,120,1,3709.38,1,attribute_combo
MLR00362,primary,80,2,673.64,0,normal
MLR00363,motorway,80,4,4969.35,0,normal
MLR00364,residential,40,1,850.24,0,normal
MLR00365,residential,40,1,1426.26,0,normal
MLR00366,secondary,60,4,1631.93,0,normal
MLR00367,residential,40,2,1115.23,0,normal
MLR00368,secondary,60,2,3837.88,0,normal
MLR00369,secondary,40,3,3130.46,0,normal
MLR00370,residential,30,2,730.17,0,normal
MLR00371,secondary,50,2,2379.21,0,normal
MLR00372,residential,30,1,616.38,0,normal
MLR00373,motorway,100,6,6903.75,0,normal
MLR00374,primary,40,6,1991.23,0,normal
MLR00375,secondary,40,2,2539.57,0,normal
MLR00376,primary,40,6,5478.51,0,normal
MLR00377,primary,40,2,2773.16,0,normal
MLR00378,motorway,120,4,1046.63,0,normal
MLR00379,primary,60,6,5642.68,0,normal
MLR00380,residential,40,1,1524.03,0,normal
MLR00381,secondary,30,2,2678.74,0,normal
MLR00382,motorway,180,6,8940.2,1,speed
MLR00383,residential,180,2,1759.65,1,speed
MLR00384,secondary,60,4,2264.54,0,normal
MLR00385,primary,80,4,2000.6,0,normal
MLR00386,secondary,40,4,1943.87,0,normal
MLR00387,primary,40,6,2354.12,0,normal
MLR00388,primary,40,6,5208.81,0,normal
MLR00389,residential,40,2,219.14,0,normal
MLR00390,primary,40,4,2279.81,0,normal
MLR00391,secondary,60,2,1897.59,0,normal
MLR00392,secondary,50,4,3.4945660930714206,1,short
MLR00393,motorway,120,4,3.4824228493521896,1,short
MLR00394,secondary,50,4,1039.23,0,normal
MLR00395,residential,20,2,1508.08,0,normal
MLR00396,residential,40,2,1526.83,0,normal
MLR00397,primary,40,6,4651.07,0,normal
MLR00398,motorway,120,6,5753.56,0,normal
MLR00399,motorway,80,8,9125.99,0,normal
MLR00400,primary,40,4,5199.67,0,normal
MLR00401,primary,80,6,3188.55,0,normal
MLR00402,residential,20,2,307.29,0,normal
MLR00403,motorway,120,6,7054.91,0,normal
MLR00404,motorway,100,6,8348.08,0,normal
MLR00405,motorway,150,6,4100.76,1,speed
MLR00406,residential,20,2,847.29,0,normal
MLR00407,residential,30,2,924.65,0,normal
MLR00408,residential,30,1,1381.32,0,normal
MLR00409,primary,80,4,1152.48,0,normal
MLR00410,residential,40,1,1469.32,0,normal
MLR00411,motorway,80,6,5167.04,0,normal
MLR00412,residential,40,2,1655.55,0,normal
MLR00413,secondary,40,3,916.23,0,normal
MLR00414,motorway,80,8,4773.17,0,normal
MLR00415,motorway,80,4,1605.62,0,normal
MLR00416,residential,120,1,527.23,1,attribute_combo
MLR00417,primary,80,2,4649.12,0,normal
MLR00418,primary,80,4,1787.89,0,normal
MLR00419,secondary,50,10,1346.7,1,lane
MLR00420,secondary,50,2,2315.53,0,normal
MLR00421,primary,80,6,2849.6,0,normal
MLR00422,secondary,60,4,1411.19,0,normal
MLR00423,primary,60,4,1511.33,0,normal
MLR00424,primary,120,1,5216.48,1,attribute_combo
MLR00425,motorway,120,6,9710.08,0,normal
MLR00426,primary,60,2,1902.48,0,normal
MLR00427,motorway,100,6,1832.18,0,normal
MLR00428,primary,40,4,2574.42,0,normal
MLR00429,motorway,80,4,8241.86,0,normal
MLR00430,primary,60,2,5282.11,0,normal
MLR00431,motorway,120,1,9658.7,1,attribute_combo
MLR00432,primary,80,6,4370.73,0,normal
MLR00433,primary,80,4,4765.33,0,normal
MLR00434,secondary,50,3,1566.65,0,normal
MLR00435,residential,20,2,1535.18,0,normal
MLR00436,primary,60,4,2776.62,0,normal
MLR00437,primary,80,2,589.21,0,normal
MLR00438,residential,30,1,432.57,0,normal
MLR00439,primary,60,6,4100.34,0,normal
MLR00440,secondary,60,4,2638.44,0,normal
MLR00441,primary,80,4,1430.96,0,normal
MLR00442,residential,20,1,1071.69,0,normal
MLR00443,motorway,120,4,7879.05,0,normal
MLR00444,primary,40,6,1330.66,0,normal
MLR00445,residential,30,1,1254.78,0,normal
MLR00446,residential,40,2,80.68,0,normal
MLR00447,residential,20,1,1082.36,0,normal
MLR00448,secondary,30,4,3290.0,0,normal
MLR00449,primary,40,2,3384.12,0,normal
MLR00450,secondary,120,1,3220.76,1,attribute_combo
MLR00451,residential,40,1,1980.95,0,normal
MLR00452,motorway,120,1,7836.27,1,attribute_combo
MLR00453,residential,40,9,159.42,1,lane
MLR00454,residential,30,2,1153.42,0,normal
MLR00455,motorway,120,4,3067.9,0,normal
MLR00456,residential,30,1,1852.11,0,normal
MLR00457,secondary,30,2,3729.31,0,normal
MLR00458,primary,80,2,4637.4,0,normal
MLR00459,residential,20,2,366.78,0,normal
MLR00460,residential,40,2,798.5,0,normal
MLR00461,motorway,120,1,9768.91,1,attribute_combo
MLR00462,primary,40,4,3828.43,0,normal
MLR00463,residential,30,1,1286.54,0,normal
MLR00464,residential,30,1,743.83,0,normal
MLR00465,residential,20,2,217.1,0,normal
MLR00466,primary,80,12,951.21,1,lane
MLR00467,residential,30,2,2.2792057384818474,1,short
MLR00468,secondary,30,2,531.73,0,normal
MLR00469,residential,20,1,224.76,0,normal
MLR00470,secondary,60,2,1309.02,0,normal
MLR00471,motorway,120,8,9146.87,0,normal
MLR00472,primary,80,4,1432.26,0,normal
MLR00473,secondary,60,2,440.42,0,normal
MLR00474,residential,30,2,1576.2,0,normal
MLR00475,primary,80,6,3226.91,0,normal
MLR00476,residential,20,1,644.08,0,normal
MLR00477,secondary,60,3,1872.85,0,normal
MLR00478,primary,60,4,3817.66,0,normal
MLR00479,residential,30,1,1930.92,0,normal
MLR00480,secondary,60,4,3171.5,0,normal
MLR00481,secondary,60,3,632.77,0,normal
MLR00482,primary,80,6,648.04,0,normal
MLR00483,primary,120,1,5072.05,1,attribute_combo
MLR00484,residential,20,2,521.94,0,normal
MLR00485,residential,30,1,925.68,0,normal
MLR00486,residential,40,2,1110.11,0,normal
MLR00487,secondary,30,2,3122.03,0,normal
MLR00488,secondary,40,4,2528.18,0,normal
MLR00489,residential,30,12,256.59,1,lane
MLR00490,primary,60,4,2651.24,0,normal
MLR00491,primary,60,2,3155.24,0,normal
MLR00492,motorway,80,8,2275.08,0,normal
MLR00493,residential,120,1,729.19,1,attribute_combo
MLR00494,secondary,30,3,369.8,0,normal
MLR00495,motorway,100,8,1984.26,0,normal
MLR00496,primary,80,2,3535.51,0,normal
MLR00497,residential,30,1,1605.62,0,normal
MLR00498,primary,80,10,2876.74,1,lane
MLR00499,residential,30,1,1424.23,0,normal
MLR00500,motorway,120,4,8195.52,0,normal
MLR00501,secondary,50,2,1938.69,0,normal
MLR00502,residential,40,2,1214.09,0,normal
MLR00503,motorway,100,6,8609.66,0,normal
MLR00504,secondary,30,4,0.6730496294566847,1,short
MLR00505,secondary,40,4,1676.16,0,normal
MLR00506,residential,30,1,999.01,0,normal
MLR00507,primary,80,2,4.225727549269085,1,short
MLR00508,motorway,120,1,5361.48,1,attribute_combo
MLR00509,residential,30,2,860.48,0,normal
MLR00510,residential,20,1,1152.53,0,normal
MLR00511,primary,60,2,2011.69,0,normal
MLR00512,primary,60,6,4583.85,0,normal
MLR00513,motorway,120,4,3411.0,0,normal
MLR00514,secondary,30,4,1877.19,0,normal
MLR00515,residential,20,1,630.53,0,normal
MLR00516,residential,150,2,1731.29,1,speed
MLR00517,primary,80,6,4290.23,0,normal
MLR00518,residential,20,1,1580.46,0,normal
MLR00519,motorway,120,6,5790.53,0,normal
MLR00520,primary,60,6,2109.49,0,normal
MLR00521,motorway,80,6,9268.92,0,normal
MLR00522,primary,80,2,1873.22,0,normal
MLR00523,primary,80,4,3192.02,0,normal
MLR00524,secondary,60,3,1917.57,0,normal
MLR00525,motorway,100,8,7748.22,0,normal
MLR00526,secondary,200,3,1443.7,1,speed
MLR00527,residential,40,2,1707.71,0,normal
MLR00528,residential,20,2,1658.45,0,normal
MLR00529,secondary,120,1,2279.78,1,attribute_combo
MLR00530,secondary,30,2,578.38,0,normal
MLR00531,residential,120,1,1862.39,1,attribute_combo
MLR00532,motorway,100,4,9961.25,0,normal
MLR00533,secondary,40,3,554.69,0,normal
MLR00534,motorway,120,1,9134.2,1,attribute_combo
MLR00535,secondary,40,3,2690.84,0,normal
MLR00536,motorway,80,6,1701.45,0,normal
MLR00537,residential,20,1,1406.41,0,normal
MLR00538,residential,40,1,981.52,0,normal
MLR00539,motorway,120,4,1928.81,0,normal
MLR00540,secondary,40,3,3139.15,0,normal
MLR00541,primary,80,6,1285.69,0,normal
MLR00542,motorway,120,8,2477.05,0,normal
MLR00543,primary,80,6,1332.56,0,normal
MLR00544,residential,200,1,1798.36,1,speed
MLR00545,residential,30,2,3.2586407841206992,1,short
MLR00546,primary,80,6,3800.04,0,normal
MLR00547,motorway,120,6,2849.01,0,normal
MLR00548,primary,80,10,2125.48,1,lane
MLR00549,residential,20,1,1024.19,0,normal
MLR00550,motorway,100,6,2187.85,0,normal
MLR00551,residential,30,1,1537.32,0,normal
MLR00552,motorway,80,8,1607.79,0,normal
MLR00553,motorway,80,6,5559.5,0,normal
MLR00554,residential,30,2,210.73,0,normal
MLR00555,primary,60,2,2204.49,0,normal
MLR00556,primary,40,6,2297.13,0,normal
MLR00557,motorway,100,8,4937.37,0,normal
MLR00558,primary,40,2,974.17,0,normal
MLR00559,residential,40,1,653.12,0,normal
MLR00560,primary,40,2,4393.45,0,normal
MLR00561,primary,60,4,3376.53,0,normal
MLR00562,secondary,40,3,682.34,0,normal
MLR00563,secondary,30,2,1473.04,0,normal
MLR00564,motorway,100,8,9775.46,0,normal
MLR00565,residential,30,2,158.11,0,normal
MLR00566,primary,150,2,1903.14,1,speed
MLR00567,motorway,80,4,3200.96,0,normal
MLR00568,residential,20,1,1865.76,0,normal
MLR00569,residential,20,2,534.11,0,normal
MLR00570,secondary,150,2,2371.84,1,speed
MLR00571,primary,120,1,5747.44,1,attribute_combo
MLR00572,secondary,50,3,528.26,0,normal
MLR00573,secondary,40,3,2342.47,0,normal
MLR00574,primary,60,4,3754.3,0,normal
MLR00575,primary,80,6,4682.65,0,normal
MLR00576,motorway,100,4,3096.98,0,normal
MLR00577,motorway,100,4,7830.36,0,normal
MLR00578,secondary,30,2,2213.3,0,normal
MLR00579,residential,20,12,1437.72,1,lane
MLR00580,residential,40,2,943.99,0,normal
MLR00581,motorway,120,4,6734.94,0,normal
MLR00582,motorway,100,8,9677.96,0,normal
MLR00583,secondary,50,3,2862.76,0,normal
MLR00584,secondary,60,3,1087.72,0,normal
MLR00585,primary,120,1,1354.76,1,attribute_combo
MLR00586,secondary,60,2,2236.51,0,normal
MLR00587,primary,60,4,3048.41,0,normal
MLR00588,motorway,80,8,3737.93,0,normal
MLR00589,motorway,80,6,2334.91,0,normal
MLR00590,secondary,60,4,386.01,0,normal
MLR00591,primary,40,4,5200.31,0,normal
MLR00592,primary,40,4,1060.49,0,normal
MLR00593,motorway,80,4,8473.35,0,normal
MLR00594,primary,40,4,2547.32,0,normal
MLR00595,motorway,120,8,3329.39,0,normal
MLR00596,motorway,80,4,9122.46,0,normal
MLR00597,primary,40,4,1173.9,0,normal
MLR00598,motorway,80,8,4898.41,0,normal
MLR00599,residential,20,9,1382.27,1,lane
MLR00600,secondary,50,12,3557.01,1,lane
MLR00601,secondary,60,3,3554.56,0,normal
MLR00602,motorway,100,12,2235.12,1,lane
MLR00603,motorway,100,8,4232.01,0,normal
MLR00604,residential,30,2,3.0258701285213156,1,short
MLR00605,motorway,100,4,8277.88,0,normal
MLR00606,secondary,40,2,580.51,0,normal
MLR00607,secondary,30,2,2387.63,0,normal
MLR00608,residential,30,1,393.4,0,normal
MLR00609,secondary,30,4,2862.13,0,normal
MLR00610,primary,80,2,5101.83,0,normal
MLR00611,residential,150,2,392.34,1,speed
MLR00612,primary,40,6,3128.94,0,normal
MLR00613,primary,40,4,4443.16,0,normal
MLR00614,secondary,30,2,761.31,0,normal
MLR00615,primary,40,6,5233.68,0,normal
MLR00616,secondary,60,4,583.92,0,normal
MLR00617,primary,40,6,5717.81,0,normal
MLR00618,residential,40,2,389.7,0,normal
MLR00619,secondary,40,4,3.696575369489509,1,short
MLR00620,secondary,40,2,2969.56,0,normal
MLR00621,residential,40,1,405.06,0,normal
MLR00622,primary,80,6,1072.61,0,normal
MLR00623,secondary,30,2,1517.88,0,normal
MLR00624,motorway,120,8,6751.92,0,normal
MLR00625,residential,20,2,458.88,0,normal
MLR00626,secondary,120,1,2937.57,1,attribute_combo
MLR00627,residential,20,2,1011.51,0,normal
MLR00628,residential,20,2,1588.02,0,normal
MLR00629,primary,40,4,905.4,0,normal
MLR00630,secondary,30,3,0.9335154954408346,1,short
MLR00631,residential,20,1,1116.74,0,normal
MLR00632,motorway,100,8,9867.48,0,normal
MLR00633,motorway,100,8,2484.97,0,normal
MLR00634,primary,40,2,2321.02,0,normal
MLR00635,residential,40,2,1338.17,0,normal
MLR00636,motorway,80,6,6145.93,0,normal
MLR00637,primary,120,1,520.99,1,attribute_combo
MLR00638,primary,40,2,1638.24,0,normal
MLR00639,motorway,100,4,3775.18,0,normal
MLR00640,residential,40,2,227.72,0,normal
MLR00641,primary,60,4,2531.71,0,normal
MLR00642,secondary,60,3,1200.92,0,normal
MLR00643,motorway,80,8,4.060082771279664,1,short
MLR00644,residential,40,1,1129.52,0,normal
MLR00645,residential,40,2,1166.79,0,normal
MLR00646,secondary,30,3,3630.55,0,normal
MLR00647,primary,40,4,1450.83,0,normal
MLR00648,primary,120,1,734.72,1,attribute_combo
MLR00649,primary,80,2,5087.59,0,normal
MLR00650,motorway,80,6,6007.28,0,normal
MLR00651,secondary,60,2,3188.89,0,normal
MLR00652,residential,20,2,341.8,0,normal
MLR00653,motorway,80,8,8015.9,0,normal
MLR00654,secondary,60,3,1655.57,0,normal
MLR00655,residential,120,1,587.06,1,attribute_combo
MLR00656,motorway,120,1,7214.62,1,attribute_combo
MLR00657,secondary,50,2,1483.89,0,normal
MLR00658,secondary,50,3,3461.29,0,normal
MLR00659,primary,40,4,5858.21,0,normal
MLR00660,secondary,50,4,1783.74,0,normal
MLR00661,primary,60,2,5523.88,0,normal
MLR00662,residential,40,2,1650.98,0,normal
MLR00663,primary,40,4,4402.63,0,normal
MLR00664,motorway,80,4,8876.63,0,normal
MLR00665,motorway,80,4,5108.04,0,normal
MLR00666,primary,60,4,5029.28,0,normal
MLR00667,motorway,120,4,3177.44,0,normal
MLR00668,residential,20,2,1194.42,0,normal
MLR00669,primary,180,6,5069.79,1,speed
MLR00670,motorway,80,8,8018.47,0,normal
MLR00671,primary,80,2,4227.32,0,normal
MLR00672,residential,40,1,1736.03,0,normal
MLR00673,motorway,100,4,6826.34,0,normal
MLR00674,motorway,80,6,6475.09,0,normal
MLR00675,secondary,60,3,3436.03,0,normal
MLR00676,primary,60,4,4224.58,0,normal
MLR00677,residential,40,1,64.33,0,normal
MLR00678,secondary,50,3,2800.77,0,normal
MLR00679,secondary,50,4,1435.52,0,normal
MLR00680,secondary,40,2,2165.72,0,normal
MLR00681,motorway,120,6,6944.77,0,normal
MLR00682,motorway,120,6,9977.22,0,normal
MLR00683,residential,30,2,1486.63,0,normal
MLR00684,primary,60,6,4423.53,0,normal
MLR00685,residential,40,2,1039.26,0,normal
MLR00686,primary,60,2,3089.29,0,normal
MLR00687,primary,80,4,4099.39,0,normal
MLR00688,primary,80,4,2812.6,0,normal
MLR00689,secondary,50,4,1317.39,0,normal
MLR00690,residential,200,1,970.83,1,speed
MLR00691,residential,40,2,855.56,0,normal
MLR00692,primary,40,2,2384.68,0,normal
MLR00693,residential,180,2,1731.67,1,speed
MLR00694,secondary,40,3,1.1259736048418811,1,short
MLR00695,primary,80,2,3192.67,0,normal
MLR00696,motorway,80,8,4903.4,0,normal
MLR00697,residential,30,2,59.1,0,normal
MLR00698,secondary,30,3,3076.02,0,normal
MLR00699,motorway,120,4,6640.18,0,normal
MLR00700,secondary,50,2,590.29,0,normal
MLR00701,secondary,40,2,3330.61,0,normal
MLR00702,secondary,60,4,2177.1,0,normal
MLR00703,residential,40,1,718.33,0,normal
MLR00704,secondary,40,2,3802.72,0,normal
MLR00705,residential,20,1,487.43,0,normal
MLR00706,primary,80,2,3.584439441469668,1,short
MLR00707,motorway,100,8,3302.1,0,normal
MLR00708,motorway,120,4,6957.73,0,normal
MLR00709,motorway,80,8,2042.11,0,normal
MLR00710,motorway,180,6,5269.57,1,speed
MLR00711,residential,40,1,1341.84,0,normal
MLR00712,primary,60,2,3313.72,0,normal
MLR00713,secondary,30,2,2091.41,0,normal
MLR00714,secondary,40,3,2873.06,0,normal
MLR00715,motorway,120,6,9193.21,0,normal
MLR00716,residential,30,1,55.34,0,normal
MLR00717,motorway,120,8,5446.94,0,normal
MLR00718,motorway,120,8,1911.61,0,normal
MLR00719,primary,60,9,1952.69,1,lane
MLR00720,secondary,50,4,1388.29,0,normal
MLR00721,motorway,80,4,8667.99,0,normal
MLR00722,primary,60,4,5419.9,0,normal
MLR00723,secondary,120,1,3296.86,1,attribute_combo
MLR00724,residential,30,2,1679.63,0,normal
MLR00725,residential,30,1,270.46,0,normal
MLR00726,motorway,80,4,4744.25,0,normal
MLR00727,residential,20,2,1569.37,0,normal
MLR00728,primary,60,4,1121.16,0,normal
MLR00729,motorway,80,12,6894.76,1,lane
MLR00730,secondary,30,3,2714.51,0,normal
MLR00731,secondary,60,2,3388.33,0,normal
MLR00732,motorway,80,8,9409.34,0,normal
MLR00733,residential,30,1,195.99,0,normal
MLR00734,primary,60,4,776.93,0,normal
MLR00735,residential,30,1,203.72,0,normal
MLR00736,residential,120,1,921.78,1,attribute_combo
MLR00737,motorway,80,6,4711.05,0,normal
MLR00738,motorway,80,8,9668.54,0,normal
MLR00739,primary,80,6,3009.14,0,normal
MLR00740,motorway,80,6,3987.75,0,normal
MLR00741,residential,40,9,1446.03,1,lane
MLR00742,secondary,50,4,3864.85,0,normal
MLR00743,secondary,30,2,3608.13,0,normal
MLR00744,residential,120,1,1241.16,1,attribute_combo
MLR00745,primary,120,1,4442.33,1,attribute_combo
MLR00746,motorway,120,8,6299.3,0,normal
MLR00747,residential,200,1,1929.52,1,speed
MLR00748,residential,40,2,1852.52,0,normal
MLR00749,primary,80,6,1455.08,0,normal
MLR00750,motorway,100,8,6404.91,0,normal
MLR00751,residential,30,1,583.51,0,normal
MLR00752,secondary,60,2,725.08,0,normal
MLR00753,secondary,50,4,2999.91,0,normal
MLR00754,primary,40,2,3932.92,0,normal
MLR00755,secondary,40,4,2670.33,0,normal
MLR00756,secondary,30,3,2336.66,0,normal
MLR00757,residential,40,2,1761.08,0,normal
MLR00758,motorway,150,4,1227.45,1,speed
MLR00759,secondary,200,3,2796.88,1,speed
MLR00760,secondary,40,4,322.76,0,normal
MLR00761,motorway,120,8,7655.43,0,normal
MLR00762,residential,120,1,1401.23,1,attribute_combo
MLR00763,residential,30,2,1.0951273913737558,1,short
MLR00764,residential,20,2,1522.46,0,normal
MLR00765,primary,150,2,2117.98,1,speed
MLR00766,primary,80,6,2.827333240917132,1,short
MLR00767,primary,120,1,5153.08,1,attribute_combo
MLR00768,primary,40,2,5607.46,0,normal
MLR00769,secondary,60,4,2.674435829205914,1,short
MLR00770,primary,120,1,4824.42,1,attribute_combo
MLR00771,motorway,100,4,8950.57,0,normal
MLR00772,secondary,50,3,1030.09,0,normal
MLR00773,residential,40,1,273.71,0,normal
MLR00774,primary,80,6,5552.34,0,normal
MLR00775,motorway,120,6,4432.35,0,normal
MLR00776,motorway,100,6,5862.14,0,normal
MLR00777,secondary,60,3,366.64,0,normal
MLR00778,primary,200,6,952.9,1,speed
MLR00779,motorway,80,8,6665.63,0,normal
MLR00780,residential,20,1,1098.62,0,normal
MLR00781,residential,120,1,1506.44,1,attribute_combo
MLR00782,secondary,30,2,2.834612606057273,1,short
MLR00783,primary,60,4,2634.18,0,normal
MLR00784,residential,200,1,809.53,1,speed
MLR00785,motorway,120,8,1409.65,0,normal
MLR00786,secondary,30,3,3190.19,0,normal
MLR00787,motorway,100,6,4432.72,0,normal
MLR00788,motorway,120,1,5801.21,1,attribute_combo
MLR00789,secondary,40,3,2773.7,0,normal
MLR00790,secondary,150,4,3524.11,1,speed
MLR00791,residential,40,1,644.15,0,normal
MLR00792,secondary,40,3,3641.39,0,normal
MLR00793,primary,40,2,1714.33,0,normal
MLR00794,primary,40,2,4190.38,0,normal
MLR00795,motorway,180,6,6802.07,1,speed
MLR00796,motorway,80,8,6225.36,0,normal
MLR00797,secondary,150,4,2690.8,1,speed
MLR00798,secondary,60,3,1447.72,0,normal
MLR00799,primary,80,6,2504.71,0,normal
MLR00800,residential,20,1,660.77,0,normal
MLR00801,residential,30,2,311.9,0,normal
MLR00802,residential,30,2,749.55,0,normal
MLR00803,motorway,80,8,6459.65,0,normal
MLR00804,primary,80,2,1947.79,0,normal
MLR00805,motorway,120,4,9028.95,0,normal
MLR00806,motorway,120,8,4646.21,0,normal
MLR00807,motorway,120,6,5891.22,0,normal
MLR00808,residential,40,1,763.35,0,normal
MLR00809,secondary,40,3,2.5606196213655115,1,short
MLR00810,primary,80,6,1412.14,0,normal
MLR00811,residential,20,1,1154.4,0,normal
MLR00812,primary,80,6,3159.27,0,normal
MLR00813,primary,60,2,845.74,0,normal
MLR00814,motorway,120,4,5660.97,0,normal
MLR00815,residential,30,2,0.605802563192752,1,short
MLR00816,secondary,120,1,2268.53,1,attribute_combo
MLR00817,secondary,30,4,1156.03,0,normal
MLR00818,primary,80,4,2440.94,0,normal
MLR00819,residential,30,9,1028.58,1,lane
MLR00820,motorway,120,10,3527.29,1,lane
MLR00821,motorway,120,4,4731.52,0,normal
MLR00822,motorway,100,8,5309.33,0,normal
MLR00823,primary,80,9,623.45,1,lane
MLR00824,motorway,120,4,1503.21,0,normal
MLR00825,primary,80,4,3796.47,0,normal
MLR00826,motorway,120,8,6955.71,0,normal
MLR00827,motorway,80,6,6458.73,0,normal
MLR00828,residential,20,1,1669.21,0,normal
MLR00829,primary,80,6,4.619524529740242,1,short
MLR00830,motorway,80,12,4469.16,1,lane
MLR00831,residential,20,1,395.97,0,normal
MLR00832,motorway,120,12,7771.45,1,lane
MLR00833,motorway,120,8,4883.47,0,normal
MLR00834,motorway,120,8,4860.61,0,normal
MLR00835,residential,30,2,1198.64,0,normal
MLR00836,motorway,100,4,3290.66,0,normal
MLR00837,motorway,100,8,8890.9,0,normal
MLR00838,primary,200,6,4590.05,1,speed
MLR00839,motorway,100,8,2848.77,0,normal
MLR00840,residential,30,1,351.82,0,normal
MLR00841,secondary,50,4,1809.53,0,normal
MLR00842,secondary,60,2,1770.27,0,normal
MLR00843,residential,20,2,1140.23,0,normal
MLR00844,secondary,200,4,1712.89,1,speed
MLR00845,primary,120,1,5720.85,1,attribute_combo
MLR00846,secondary,30,2,1678.59,0,normal
MLR00847,motorway,80,6,9332.76,0,normal
MLR00848,motorway,100,4,4337.52,0,normal
MLR00849,residential,30,2,1437.63,0,normal
MLR00850,primary,80,4,2914.35,0,normal
MLR00851,secondary,40,2,3179.05,0,normal
MLR00852,primary,80,2,4207.13,0,normal
MLR00853,motorway,80,4,9971.35,0,normal
MLR00854,secondary,60,3,2427.1,0,normal
MLR00855,motorway,80,8,3560.44,0,normal
MLR00856,secondary,50,3,1059.92,0,normal
MLR00857,residential,30,1,559.16,0,normal
MLR00858,motorway,120,4,5528.52,0,normal
MLR00859,motorway,120,6,8885.02,0,normal
MLR00860,secondary,60,3,2340.04,0,normal
MLR00861,secondary,60,4,1950.74,0,normal
MLR00862,motorway,100,4,3320.38,0,normal
MLR00863,primary,80,6,1764.62,0,normal
MLR00864,secondary,30,4,3362.27,0,normal
MLR00865,motorway,100,8,7739.09,0,normal
MLR00866,primary,60,4,2444.46,0,normal
MLR00867,secondary,40,4,2795.81,0,normal
MLR00868,residential,40,1,507.98,0,normal
MLR00869,secondary,40,2,970.51,0,normal
MLR00870,secondary,120,1,655.54,1,attribute_combo
MLR00871,motorway,120,4,8632.1,0,normal
MLR00872,secondary,60,4,3501.32,0,normal
MLR00873,secondary,120,1,3050.64,1,attribute_combo
MLR00874,residential,40,1,1029.83,0,normal
MLR00875,primary,60,2,4340.35,0,normal
MLR00876,motorway,80,8,2896.77,0,normal
MLR00877,secondary,50,4,1.261981847286972,1,short
MLR00878,residential,40,2,763.55,0,normal
MLR00879,primary,60,6,4637.08,0,normal
MLR00880,residential,30,9,400.78,1,lane
MLR00881,secondary,40,4,1842.43,0,normal
MLR00882,primary,120,1,3101.43,1,attribute_combo
MLR00883,residential,20,2,1581.4,0,normal
MLR00884,motorway,100,4,2.4350431793254717,1,short
MLR00885,motorway,100,8,4011.91,0,normal
MLR00886,secondary,50,2,1764.69,0,normal
MLR00887,primary,80,6,4074.26,0,normal
MLR00888,secondary,50,3,2758.13,0,normal
MLR00889,residential,20,2,1246.64,0,normal
MLR00890,primary,40,6,4942.44,0,normal
MLR00891,residential,20,1,365.9,0,normal
MLR00892,secondary,50,4,1216.4,0,normal
MLR00893,secondary,60,3,3042.0,0,normal
MLR00894,residential,30,12,408.58,1,lane
MLR00895,secondary,180,2,834.26,1,speed
MLR00896,motorway,80,6,5715.85,0,normal
MLR00897,motorway,100,8,2397.47,0,normal
MLR00898,residential,30,1,532.42,0,normal
MLR00899,primary,40,6,4.315807205325624,1,short
MLR00900,secondary,60,3,3904.93,0,normal
MLR00901,secondary,60,2,3884.26,0,normal
MLR00902,primary,80,6,3010.99,0,normal
MLR00903,residential,40,2,1822.4,0,normal
MLR00904,primary,40,4,2193.28,0,normal
MLR00905,primary,60,2,500.51,0,normal
MLR00906,primary,120,1,3080.59,1,attribute_combo
MLR00907,residential,30,1,1543.44,0,normal
MLR00908,primary,40,6,2555.04,0,normal
MLR00909,residential,30,1,368.38,0,normal
MLR00910,residential,30,1,562.81,0,normal
MLR00911,primary,80,6,4941.66,0,normal
MLR00912,secondary,50,10,914.4,1,lane
MLR00913,motorway,120,6,6559.56,0,normal
MLR00914,residential,150,2,87.82,1,speed
MLR00915,motorway,100,6,2125.35,0,normal
MLR00916,motorway,80,4,2356.15,0,normal
MLR00917,secondary,60,3,3185.76,0,normal
MLR00918,secondary,60,4,3207.41,0,normal
MLR00919,primary,120,1,4766.09,1,attribute_combo
MLR00920,primary,40,4,4994.88,0,normal
MLR00921,motorway,120,4,4463.18,0,normal
MLR00922,primary,80,2,1595.49,0,normal
MLR00923,motorway,120,8,9839.04,0,normal
MLR00924,secondary,180,2,2590.82,1,speed
MLR00925,residential,40,2,437.51,0,normal
MLR00926,primary,40,2,3981.0,0,normal
MLR00927,primary,60,6,1158.07,0,normal
MLR00928,motorway,80,8,8051.28,0,normal
MLR00929,primary,60,2,1867.97,0,normal
MLR00930,secondary,150,2,1550.97,1,speed
MLR00931,residential,20,2,1964.27,0,normal
MLR00932,secondary,60,4,933.27,0,normal
MLR00933,secondary,40,3,3614.92,0,normal
MLR00934,residential,40,2,1108.33,0,normal
MLR00935,primary,80,4,2280.24,0,normal
MLR00936,primary,40,6,1352.64,0,normal
MLR00937,secondary,50,3,202.74,0,normal
MLR00938,residential,40,1,1771.72,0,normal
MLR00939,secondary,40,3,2939.81,0,normal
MLR00940,residential,20,2,1.6807401955726906,1,short
MLR00941,secondary,30,9,2188.16,1,lane
MLR00942,motorway,120,1,5368.33,1,attribute_combo
MLR00943,residential,40,2,145.72,0,normal
MLR00944,motorway,80,4,6901.74,0,normal
MLR00945,motorway,100,8,1546.3,0,normal
MLR00946,residential,30,1,1656.1,0,normal
MLR00947,motorway,120,12,8510.11,1,lane
MLR00948,motorway,80,8,3079.16,0,normal
MLR00949,primary,80,6,1868.2,0,normal
MLR00950,primary,80,6,3569.78,0,normal
MLR00951,secondary,60,4,2727.92,0,normal
MLR00952,primary,40,6,2708.56,0,normal
MLR00953,primary,80,6,2936.57,0,normal
MLR00954,secondary,50,3,1766.9,0,normal
MLR00955,secondary,40,4,2273.38,0,normal
MLR00956,secondary,50,3,1900.5,0,normal
MLR00957,motorway,100,8,0.1321872619661416,1,short
MLR00958,primary,40,4,619.36,0,normal
MLR00959,secondary,40,2,343.4,0,normal
MLR00960,primary,60,4,5392.94,0,normal
MLR00961,secondary,50,2,2367.85,0,normal
MLR00962,primary,80,2,4479.69,0,normal
MLR00963,primary,60,6,4365.66,0,normal
MLR00964,motorway,120,8,3703.54,0,normal
MLR00965,residential,20,1,1847.65,0,normal
MLR00966,residential,30,1,1746.08,0,normal
MLR00967,motorway,120,8,4442.38,0,normal
MLR00968,motorway,100,8,6084.22,0,normal
MLR00969,primary,40,2,4204.99,0,normal
MLR00970,residential,40,1,483.07,0,normal
MLR00971,residential,20,1,705.53,0,normal
MLR00972,motorway,120,6,3363.02,0,normal
MLR00973,residential,40,1,1535.96,0,normal
MLR00974,primary,60,9,4087.37,1,lane
MLR00975,motorway,100,6,3910.7,0,normal
MLR00976,motorway,80,8,4722.24,0,normal
MLR00977,primary,60,4,0.9293507936559199,1,short
MLR00978,secondary,60,9,754.11,1,lane
MLR00979,secondary,150,4,3440.5,1,speed
MLR00980,primary,60,2,2387.99,0,normal
MLR00981,secondary,60,3,286.44,0,normal
MLR00982,primary,40,6,3377.96,0,normal
MLR00983,residential,40,1,1405.39,0,normal
MLR00984,residential,40,12,548.14,1,lane
MLR00985,secondary,120,1,2688.08,1,attribute_combo
MLR00986,secondary,50,2,272.5,0,normal
MLR00987,residential,20,2,1041.65,0,normal
MLR00988,secondary,120,1,2219.93,1,attribute_combo
MLR00989,motorway,80,4,9300.43,0,normal
MLR00990,residential,30,1,85.83,0,normal
MLR00991,secondary,50,2,3984.78,0,normal
MLR00992,secondary,30,4,1179.18,0,normal
MLR00993,motorway,120,6,3030.24,0,normal
MLR00994,residential,40,1,221.2,0,normal
MLR00995,primary,60,2,3650.94,0,normal
MLR00996,secondary,50,3,2260.49,0,normal
MLR00997,primary,80,6,4262.27,0,normal
MLR00998,primary,60,6,4378.25,0,normal
MLR00999,primary,60,2,4109.27,0,normal
MLR01000,primary,60,2,3565.37,0,normal
